,Country,Economoy (GDP per Capita),Economy (GDP per Capita),Happiness Score,Health (Life Expectancy),Year
153,Afghanistan,,0.38227,3.36,0.17344,2016
152,Afghanistan,,0.31982,3.575,0.30335,2015
144,Afghanistan,,0.332,3.6319999999999997,0.255,2018
153,Afghanistan,,0.35,3.2030000000000003,0.361,2019
140,Afghanistan,0.401477217674255,,3.7939999103546103,0.18074677884578697,2017
108,Albania,0.996192753314972,,4.64400005340576,0.731159746646881,2017
108,Albania,,0.9553,4.655,0.73007,2016
111,Albania,,0.9159999999999999,4.586,0.79,2018
106,Albania,,0.9470000000000001,4.718999999999999,0.8740000000000001,2019
94,Albania,,0.8786700000000001,4.959,0.81325,2015
37,Algeria,,1.05266,6.355,0.6180399999999999,2016
67,Algeria,,0.93929,5.605,0.61766,2015
87,Algeria,,1.002,5.211,0.785,2019
52,Algeria,1.09186446666718,,5.872000217437741,0.6175846457481379,2017
83,Algeria,,0.9790000000000001,5.295,0.687,2018
136,Angola,,0.75778,4.033,0.16683,2015
139,Angola,0.8584281802177429,,3.79500007629395,0.0498686656355858,2017
140,Angola,,0.84731,3.866,0.04991,2016
141,Angola,,0.73,3.795,0.26899999999999996,2018
28,Argentina,,1.073,6.388,0.7440000000000001,2018
23,Argentina,1.18529546260834,,6.59899997711182,0.695137083530426,2017
25,Argentina,,1.15137,6.65,0.69711,2016
46,Argentina,,1.092,6.086,0.8809999999999999,2019
29,Argentina,,1.05351,6.574,0.78723,2015
128,Armenia,,0.816,4.321000000000001,0.6659999999999999,2018
115,Armenia,,0.85,4.559,0.815,2019
120,Armenia,,0.8608600000000001,4.36,0.64083,2016
126,Armenia,,0.7682100000000001,4.35,0.7299,2015
120,Armenia,0.900596737861633,,4.37599992752075,0.637524425983429,2017
9,Australia,,1.34,7.272,0.91,2018
8,Australia,,1.4444299999999999,7.313,0.8512,2016
9,Australia,,1.33358,7.284,0.93156,2015
10,Australia,,1.3719999999999999,7.228,1.036,2019
9,Australia,1.4844149351120002,,7.28399991989136,0.84388679265976,2017
11,Austria,,1.45038,7.119,0.80565,2016
9,Austria,,1.376,7.246,1.016,2019
12,Austria,,1.33723,7.2,0.8904200000000001,2015
11,Austria,,1.341,7.138999999999999,0.8909999999999999,2018
12,Austria,1.4870972633361799,,7.00600004196167,0.8153284192085269,2017
84,Azerbaijan,1.1536017656326298,,5.234000205993651,0.5407757759094239,2017
86,Azerbaijan,,1.024,5.2010000000000005,0.603,2018
89,Azerbaijan,,1.043,5.207999999999999,0.769,2019
79,Azerbaijan,,1.02389,5.212000000000001,0.64045,2015
80,Azerbaijan,,1.12373,5.291,0.54504,2016
48,Bahrain,,1.32376,5.96,0.74716,2015
41,Bahrain,,1.44024,6.218,0.65696,2016
40,Bahrain,1.4884122610092199,,6.08699989318848,0.653133034706116,2017
42,Bahrain,,1.338,6.105,0.698,2018
36,Bahrain,,1.3619999999999999,6.199,0.871,2019
124,Bangladesh,,0.562,4.456,0.723,2019
109,Bangladesh,0.586682975292206,,4.60799980163574,0.533241033554077,2017
108,Bangladesh,,0.39753,4.694,0.60164,2015
114,Bangladesh,,0.532,4.5,0.579,2018
109,Bangladesh,,0.54177,4.643,0.52989,2016
72,Belarus,,1.0390000000000001,5.483,0.7,2018
60,Belarus,,1.1306200000000002,5.8020000000000005,0.6310399999999999,2016
80,Belarus,,1.067,5.3229999999999995,0.789,2019
58,Belarus,,1.0319200000000002,5.813,0.7360800000000001,2015
66,Belarus,1.15655755996704,,5.5689997673034695,0.6377142667770389,2017
15,Belgium,,1.324,6.9270000000000005,0.894,2018
18,Belgium,,1.30782,6.937,0.8966700000000001,2015
17,Belgium,,1.3559999999999999,6.922999999999999,0.986,2019
16,Belgium,1.4637807607650801,,6.89099979400635,0.8180918693542479,2017
17,Belgium,,1.42539,6.928999999999999,0.8195899999999999,2016
51,Belize,,0.87616,5.956,0.45569,2016
49,Belize,0.907975316047668,,5.955999851226809,0.45019176602363603,2017
48,Belize,,0.807,5.956,0.474,2018
142,Benin,0.43108540773391707,,3.65700006484985,0.20993021130561804,2017
154,Benin,,0.28665,3.34,0.3191,2015
135,Benin,,0.37799999999999995,4.141,0.24,2018
101,Benin,,0.39299999999999996,4.883,0.397,2019
152,Benin,,0.39499,3.484,0.21028000000000002,2016
96,Bhutan,,0.7959999999999999,5.082,0.527,2018
78,Bhutan,,0.77042,5.252999999999999,0.57407,2015
94,Bhutan,,0.813,5.082,0.604,2019
83,Bhutan,,0.8527,5.196000000000001,0.49759,2016
96,Bhutan,0.885416388511658,,5.01100015640259,0.495879292488098,2017
57,Bolivia,0.833756566047668,,5.82299995422363,0.47363024950027505,2017
58,Bolivia,,0.79422,5.822,0.4697,2016
50,Bolivia,,0.68133,5.89,0.5392,2015
60,Bolivia,,0.7759999999999999,5.779,0.706,2019
61,Bolivia,,0.7509999999999999,5.752000000000001,0.508,2018
86,Bosnia and Herzegovina,,0.9338299999999999,5.162999999999999,0.7076600000000001,2016
95,Bosnia and Herzegovina,,0.8322299999999999,4.949,0.79081,2015
77,Bosnia and Herzegovina,,0.945,5.386,0.845,2019
89,Bosnia and Herzegovina,0.982409417629242,,5.18200016021729,0.705186307430267,2017
92,Bosnia and Herzegovina,,0.915,5.129,0.758,2018
136,Botswana,,1.09426,3.9739999999999998,0.34752,2016
127,Botswana,,0.99355,4.332,0.047760000000000004,2015
145,Botswana,,1.0170000000000001,3.59,0.41700000000000004,2018
147,Botswana,,1.041,3.488,0.5379999999999999,2019
141,Botswana,1.12209415435791,,3.7660000324249303,0.34175550937652605,2017
27,Brazil,,0.986,6.419,0.675,2018
16,Brazil,,1.08754,6.952000000000001,0.61415,2016
21,Brazil,1.1073532104492199,,6.6350002288818395,0.6165523529052729,2017
31,Brazil,,1.004,6.3,0.802,2019
15,Brazil,,0.98124,6.983,0.69702,2015
133,Bulgaria,,1.01216,4.218,0.76649,2015
99,Bulgaria,,1.054,4.933,0.7120000000000001,2018
104,Bulgaria,1.1614590883255,,4.71400022506714,0.708217680454254,2017
128,Bulgaria,,1.11306,4.217,0.67806,2016
96,Bulgaria,,1.092,5.011,0.815,2019
114,Burkina Faso,,0.331,4.587,0.38,2019
144,Burkina Faso,,0.31995,3.739,0.21297,2016
120,Burkina Faso,,0.314,4.4239999999999995,0.254,2018
151,Burkina Faso,,0.25811999999999996,3.5869999999999997,0.27125,2015
133,Burkina Faso,0.35022771358490007,,4.03200006484985,0.21584425866603896,2017
144,Burundi,,0.046,3.775,0.38,2019
153,Burundi,0.09162256866693501,,2.90499997138977,0.151610791683197,2017
156,Burundi,,0.06831,2.905,0.15747,2016
156,Burundi,,0.0153,2.905,0.22396,2015
155,Burundi,,0.091,2.905,0.145,2018
119,Cambodia,,0.5489999999999999,4.433,0.457,2018
108,Cambodia,,0.574,4.7,0.637,2019
139,Cambodia,,0.55604,3.907,0.42494,2016
144,Cambodia,,0.46038,3.819,0.61114,2015
128,Cambodia,0.6017650961875921,,4.1680002212524405,0.429783403873444,2017
113,Cameroon,,0.5249699999999999,4.513,0.12697999999999998,2016
132,Cameroon,,0.4225,4.252,0.23401999999999998,2015
106,Cameroon,0.564305365085602,,4.69500017166138,0.132892116904259,2017
95,Cameroon,,0.5489999999999999,5.044,0.331,2019
98,Cameroon,,0.535,4.975,0.182,2018
6,Canada,1.47920441627502,,7.31599998474121,0.83455765247345,2017
5,Canada,,1.44015,7.404,0.8276,2016
8,Canada,,1.365,7.278,1.0390000000000001,2019
6,Canada,,1.33,7.327999999999999,0.8959999999999999,2018
4,Canada,,1.32629,7.4270000000000005,0.9056299999999999,2015
154,Central African Republic,,0.026000000000000002,3.083,0.105,2019
147,Central African Republic,,0.0785,3.678,0.06699,2015
154,Central African Republic,,0.024,3.083,0.01,2018
154,Central African Republic,0.0,,2.69300007820129,0.0187726859003305,2017
130,Chad,,0.358,4.301,0.053,2018
131,Chad,,0.35,4.35,0.192,2019
136,Chad,0.43801298737525896,,3.9360001087188703,0.0411347150802612,2017
148,Chad,,0.34193,3.667,0.1501,2015
143,Chad,,0.42213999999999996,3.763,0.038239999999999996,2016
23,Chile,,1.2167,6.705,0.8188300000000001,2016
24,Chile,,1.131,6.476,0.8079999999999999,2018
19,Chile,1.25278460979462,,6.65199995040894,0.8194797039031979,2017
25,Chile,,1.159,6.444,0.92,2019
26,Chile,,1.10715,6.67,0.85857,2015
82,China,,1.0278,5.245,0.73561,2016
83,China,,0.89012,5.14,0.81658,2015
78,China,1.08116579055786,,5.2729997634887695,0.741415500640869,2017
92,China,,1.0290000000000001,5.191,0.893,2019
85,China,,0.9890000000000001,5.246,0.799,2018
35,Colombia,1.07062232494354,,6.35699987411499,0.595027923583984,2017
36,Colombia,,0.96,6.26,0.635,2018
30,Colombia,,1.0303200000000001,6.481,0.59659,2016
32,Colombia,,0.91861,6.477,0.69077,2015
42,Colombia,,0.985,6.125,0.841,2019
137,Comoros,,0.27509,3.9560000000000004,0.29980999999999997,2016
139,Comoros,,0.23906,3.9560000000000004,0.36315,2015
141,Comoros,,0.27399999999999997,3.9730000000000003,0.505,2019
102,Congo (Brazzaville),,0.6729999999999999,4.812,0.508,2019
138,Congo (Brazzaville),,0.67866,3.989,0.31051,2015
126,Congo (Brazzaville),,0.7710899999999999,4.236000000000001,0.28212,2016
113,Congo (Brazzaville),,0.682,4.559,0.34299999999999997,2018
123,Congo (Brazzaville),0.8089642524719242,,4.29099988937378,0.28995743393898,2017
125,Congo (Kinshasa),0.0921023488044739,,4.2800002098083505,0.191407024860382,2017
124,Congo (Kinshasa),,0.05661,4.272,0.188,2016
131,Congo (Kinshasa),,0.069,4.245,0.204,2018
126,Congo (Kinshasa),,0.094,4.418,0.35700000000000004,2019
119,Congo (Kinshasa),,0.0,4.5169999999999995,0.09806000000000001,2015
13,Costa Rica,,1.06879,7.087000000000001,0.76146,2016
11,Costa Rica,,0.95578,7.226,0.8602700000000001,2015
11,Costa Rica,,1.034,7.167000000000001,0.963,2019
12,Costa Rica,,1.01,7.072,0.8170000000000001,2018
11,Costa Rica,1.10970628261566,,7.0789999961853,0.7595092654228209,2017
74,Croatia,,1.155,5.432,0.914,2019
81,Croatia,,1.115,5.321000000000001,0.737,2018
73,Croatia,,1.18649,5.4879999999999995,0.70524,2016
76,Croatia,1.22255623340607,,5.2930002212524405,0.701288521289825,2017
61,Croatia,,1.08254,5.7589999999999995,0.78805,2015
66,Cyprus,,1.20813,5.689,0.92356,2015
64,Cyprus,1.3559380769729599,,5.62099981307983,0.84471470117569,2017
60,Cyprus,,1.229,5.7620000000000005,0.909,2018
48,Cyprus,,1.263,6.046,1.042,2019
68,Cyprus,,1.31857,5.546,0.8488,2016
19,Czech Republic,,1.2690000000000001,6.852,0.92,2019
26,Czech Republic,,1.30915,6.596,0.76376,2016
20,Czech Republic,,1.2329999999999999,6.711,0.8540000000000001,2018
30,Czech Republic,,1.17898,6.505,0.84483,2015
22,Czech Republic,1.35268235206604,,6.60900020599365,0.754444003105164,2017
2,Denmark,,1.32548,7.527,0.87464,2015
2,Denmark,,1.351,7.555,0.868,2018
1,Denmark,,1.383,7.6,0.996,2019
1,Denmark,1.48238301277161,,7.52199983596802,0.7925655245780941,2017
0,Denmark,,1.4417799999999998,7.526,0.79504,2016
125,Djibouti,,0.44025,4.369,0.36291,2015
85,Dominican Republic,1.07937383651733,,5.230000019073491,0.574873745441437,2017
76,Dominican Republic,,1.015,5.425,0.779,2019
82,Dominican Republic,,0.982,5.3020000000000005,0.614,2018
88,Dominican Republic,,1.02787,5.155,0.5766899999999999,2016
97,Dominican Republic,,0.8953700000000001,4.885,0.66825,2015
47,Ecuador,,0.889,5.973,0.736,2018
49,Ecuador,,0.912,6.028,0.868,2019
47,Ecuador,,0.8640200000000001,5.975,0.79075,2015
50,Ecuador,,0.97306,5.976,0.68613,2016
43,Ecuador,1.00082039833069,,6.00799989700317,0.685636222362518,2017
121,Egypt,,0.885,4.419,0.5529999999999999,2018
134,Egypt,,0.8818,4.194,0.61712,2015
119,Egypt,,0.95395,4.362,0.5211600000000001,2016
136,Egypt,,0.9129999999999999,4.166,0.644,2019
103,Egypt,0.989701807498932,,4.7350001335144,0.520187258720398,2017
34,El Salvador,,0.794,6.252999999999999,0.789,2019
45,El Salvador,,0.8737,6.068,0.596,2016
44,El Salvador,0.9097844958305359,,6.002999782562259,0.596018552780151,2017
41,El Salvador,,0.76454,6.13,0.67737,2015
39,El Salvador,,0.8059999999999999,6.167000000000001,0.639,2018
71,Estonia,,1.2796399999999999,5.517,0.68098,2016
65,Estonia,1.3208793401718102,,5.61100006103516,0.695168316364288,2017
54,Estonia,,1.237,5.893,0.8740000000000001,2019
62,Estonia,,1.2,5.739,0.737,2018
72,Estonia,,1.15174,5.428999999999999,0.77361,2015
126,Ethiopia,,0.308,4.35,0.391,2018
114,Ethiopia,,0.29283000000000003,4.508,0.34578000000000003,2016
118,Ethiopia,0.339233845472336,,4.46000003814697,0.35340970754623396,2017
121,Ethiopia,,0.19072999999999998,4.512,0.44055,2015
133,Ethiopia,,0.336,4.2860000000000005,0.532,2019
0,Finland,,1.34,7.769,0.986,2019
5,Finland,,1.29025,7.406000000000001,0.8891100000000001,2015
4,Finland,1.44357192516327,,7.468999862670901,0.80915766954422,2017
0,Finland,,1.305,7.632000000000001,0.8740000000000001,2018
4,Finland,,1.40598,7.412999999999999,0.81091,2016
23,France,,1.324,6.5920000000000005,1.045,2019
30,France,1.43092346191406,,6.44199991226196,0.8444658517837521,2017
31,France,,1.39488,6.478,0.83795,2016
22,France,,1.2930000000000001,6.489,0.9079999999999999,2018
28,France,,1.27778,6.575,0.9457899999999999,2015
103,Gabon,,1.057,4.7989999999999995,0.5710000000000001,2019
133,Gabon,,1.15851,4.121,0.3494,2016
117,Gabon,1.1982102394104,,4.46500015258789,0.35657858848571794,2017
142,Gabon,,1.06024,3.8960000000000004,0.43372,2015
102,Gabon,,1.036,4.758,0.40399999999999997,2018
119,Gambia,,0.308,4.516,0.428,2019
125,Georgia,,0.8379200000000001,4.252,0.64035,2016
129,Georgia,,0.7419,4.297,0.72926,2015
127,Georgia,,0.853,4.34,0.643,2018
124,Georgia,0.950612664222717,,4.28599977493286,0.649546980857849,2017
118,Georgia,,0.8859999999999999,4.519,0.752,2019
16,Germany,,1.3730000000000002,6.985,0.987,2019
14,Germany,,1.34,6.965,0.861,2018
25,Germany,,1.32792,6.75,0.89186,2015
15,Germany,,1.44787,6.994,0.81487,2016
15,Germany,1.48792338371277,,6.9510002136230495,0.798950731754303,2017
113,Ghana,,0.5455800000000001,4.633,0.40131999999999995,2015
123,Ghana,,0.63107,4.276,0.29681,2016
107,Ghana,,0.5920000000000001,4.657,0.337,2018
130,Ghana,0.667224824428558,,4.11999988555908,0.29563772678375205,2017
97,Ghana,,0.611,4.996,0.486,2019
101,Greece,,1.15406,4.857,0.88213,2015
78,Greece,,1.1540000000000001,5.358,0.879,2018
81,Greece,,1.181,5.287000000000001,0.9990000000000001,2019
86,Greece,1.28948748111725,,5.2270002365112305,0.8101989030838009,2017
98,Greece,,1.24886,5.033,0.80029,2016
42,Guatemala,,0.74553,6.122999999999999,0.64425,2015
26,Guatemala,,0.8,6.436,0.746,2019
29,Guatemala,,0.7809999999999999,6.382000000000001,0.608,2018
38,Guatemala,,0.83454,6.324,0.5403899999999999,2016
28,Guatemala,0.872001945972443,,6.4539999961853,0.540239989757538,2017
150,Guinea,,0.22415,3.6069999999999998,0.18829,2016
149,Guinea,,0.17417,3.656,0.24009,2015
117,Guinea,,0.38,4.534,0.375,2019
139,Guinea,,0.344,3.964,0.21100000000000002,2018
148,Guinea,0.24454993009567302,,3.50699996948242,0.194129139184952,2017
147,Haiti,,0.315,3.582,0.289,2018
144,Haiti,0.368610262870789,,3.6029999256133998,0.277321130037308,2017
118,Haiti,,0.26673,4.518,0.38847,2015
146,Haiti,,0.32299999999999995,3.597,0.449,2019
135,Haiti,,0.34097,4.0280000000000005,0.27494,2016
104,Honduras,,0.59532,4.788,0.6951,2015
71,Honduras,,0.62,5.504,0.622,2018
58,Honduras,,0.642,5.86,0.828,2019
103,Honduras,,0.69429,4.871,0.5838300000000001,2016
90,Honduras,0.730573117733002,,5.1810002326965305,0.582569479942322,2017
75,Hong Kong,,1.405,5.43,1.03,2018
75,Hong Kong,,1.4380000000000002,5.43,1.122,2019
74,Hong Kong,,1.5107,5.457999999999999,0.9527700000000001,2016
71,Hong Kong,,1.38604,5.474,1.01328,2015
70,"Hong Kong S.A.R., China",1.55167484283447,,5.47200012207031,0.943062424659729,2017
68,Hungary,,1.171,5.62,0.732,2018
90,Hungary,,1.24142,5.145,0.67608,2016
103,Hungary,,1.12094,4.8,0.75905,2015
74,Hungary,1.2860119342803997,,5.32399988174438,0.6877634525299069,2017
61,Hungary,,1.2009999999999998,5.757999999999999,0.828,2019
2,Iceland,1.480633020401,,7.50400018692017,0.8335521221160892,2017
1,Iceland,,1.3023200000000001,7.561,0.94784,2015
2,Iceland,,1.42666,7.501,0.8673299999999999,2016
3,Iceland,,1.38,7.494,1.026,2019
3,Iceland,,1.3430000000000002,7.495,0.914,2018
132,India,,0.721,4.19,0.485,2018
139,India,,0.755,4.015,0.588,2019
121,India,0.7922212481498722,,4.31500005722046,0.455427616834641,2017
117,India,,0.74036,4.404,0.45091000000000003,2016
116,India,,0.64499,4.565,0.5152899999999999,2015
80,Indonesia,0.995538592338562,,5.26200008392334,0.49234572052955605,2017
95,Indonesia,,0.899,5.093,0.522,2018
73,Indonesia,,0.8282700000000001,5.399,0.63793,2015
78,Indonesia,,0.95104,5.314,0.49373999999999996,2016
91,Indonesia,,0.9309999999999999,5.192,0.66,2019
116,Iran,,1.1,4.548,0.785,2019
104,Iran,,1.11758,4.813,0.64232,2016
107,Iran,1.15687310695648,,4.69199991226196,0.639333188533783,2017
109,Iran,,1.0088,4.686,0.69805,2015
105,Iran,,1.0590000000000002,4.707,0.691,2018
116,Iraq,,1.01,4.456,0.536,2018
111,Iraq,,0.98549,4.677,0.60237,2015
125,Iraq,,1.043,4.437,0.574,2019
111,Iraq,,1.07474,4.575,0.51076,2016
116,Iraq,1.1027104854583702,,4.49700021743774,0.501180469989777,2017
14,Ireland,1.5357066392898602,,6.9770002365112305,0.8097826242446899,2017
15,Ireland,,1.499,7.021,0.9990000000000001,2019
13,Ireland,,1.4480000000000002,6.977,0.8759999999999999,2018
17,Ireland,,1.33596,6.94,0.89533,2015
18,Ireland,,1.4834100000000001,6.907,0.81455,2016
18,Israel,,1.301,6.814,0.883,2018
12,Israel,,1.276,7.138999999999999,1.0290000000000001,2019
10,Israel,,1.33766,7.267,0.8491700000000001,2016
10,Israel,,1.2285700000000002,7.278,0.9138700000000001,2015
10,Israel,1.3753824234008798,,7.212999820709231,0.83840399980545,2017
49,Italy,,1.25114,5.9479999999999995,0.9544600000000001,2015
47,Italy,1.3950666189193701,,5.96400022506714,0.8531443476676941,2017
35,Italy,,1.294,6.223,1.0390000000000001,2019
46,Italy,,1.264,6.0,0.946,2018
49,Italy,,1.35495,5.977,0.8510200000000001,2016
106,Ivory Coast,,0.541,4.671,0.08,2018
127,Ivory Coast,0.6030489206314089,,4.17999982833862,0.0486421696841717,2017
98,Ivory Coast,,0.569,4.944,0.23199999999999998,2019
150,Ivory Coast,,0.46534,3.655,0.15185,2015
138,Ivory Coast,,0.55507,3.9160000000000004,0.04476,2016
55,Jamaica,,0.831,5.89,0.831,2019
55,Jamaica,,0.8190000000000001,5.89,0.693,2018
75,Jamaica,0.925579309463501,,5.31099987030029,0.6410223841667181,2017
64,Jamaica,,0.81038,5.709,0.6874100000000001,2015
72,Jamaica,,0.89333,5.51,0.5946899999999999,2016
53,Japan,,1.294,5.915,0.988,2018
57,Japan,,1.327,5.886,1.088,2019
50,Japan,1.41691517829895,,5.92000007629395,0.9134758710861209,2017
45,Japan,,1.27074,5.987,0.99111,2015
52,Japan,,1.3800700000000001,5.921,0.91491,2016
79,Jordan,,0.9967299999999999,5.303,0.60712,2016
89,Jordan,,0.8220000000000001,5.1610000000000005,0.645,2018
100,Jordan,,0.8370000000000001,4.906000000000001,0.815,2019
81,Jordan,,0.9019799999999999,5.192,0.69639,2015
73,Jordan,0.9910123944282528,,5.33599996566772,0.6045900583267211,2017
59,Kazakhstan,1.2845562696456898,,5.8189997673034695,0.6060415506362921,2017
59,Kazakhstan,,1.143,5.79,0.631,2018
59,Kazakhstan,,1.173,5.809,0.7290000000000001,2019
53,Kazakhstan,,1.1225399999999999,5.855,0.64368,2015
53,Kazakhstan,,1.22943,5.919,0.57386,2016
111,Kenya,0.560479462146759,,4.55299997329712,0.30998834967613204,2017
124,Kenya,,0.36471,4.419,0.41435,2015
123,Kenya,,0.493,4.41,0.45399999999999996,2018
121,Kenya,,0.52267,4.356,0.30146999999999996,2016
120,Kenya,,0.512,4.5089999999999995,0.581,2019
68,Kosovo,,0.80148,5.5889999999999995,0.63132,2015
45,Kosovo,,0.882,6.1,0.758,2019
77,Kosovo,0.951484382152557,,5.27899980545044,0.541452050209045,2017
65,Kosovo,,0.855,5.662000000000001,0.578,2018
76,Kosovo,,0.90145,5.401,0.54,2016
38,Kuwait,,1.5542200000000002,6.295,0.72492,2015
50,Kuwait,,1.5,6.021,0.8079999999999999,2019
40,Kuwait,,1.61714,6.239,0.63569,2016
44,Kuwait,,1.474,6.082999999999999,0.675,2018
38,Kuwait,1.63295245170593,,6.10500001907349,0.6321057081222529,2017
84,Kyrgyzstan,,0.5604399999999999,5.185,0.5544899999999999,2016
97,Kyrgyzstan,0.5962200760841371,,5.0040001869201705,0.553457796573639,2017
91,Kyrgyzstan,,0.53,5.131,0.594,2018
85,Kyrgyzstan,,0.551,5.261,0.723,2019
76,Kyrgyzstan,,0.47428000000000003,5.2860000000000005,0.65088,2015
109,Laos,,0.72,4.623,0.441,2018
104,Laos,,0.764,4.796,0.551,2019
98,Laos,,0.5906600000000001,4.876,0.54909,2015
101,Laos,,0.68042,4.876,0.38291,2016
53,Latvia,1.26074862480164,,5.849999904632571,0.638566970825195,2017
52,Latvia,,1.148,5.933,0.6709999999999999,2018
88,Latvia,,1.11312,5.098,0.72437,2015
52,Latvia,,1.187,5.94,0.812,2019
67,Latvia,,1.2178799999999999,5.56,0.63952,2016
92,Lebanon,,1.12268,5.129,0.76171,2016
90,Lebanon,,0.987,5.197,0.815,2019
87,Lebanon,1.07498753070831,,5.22499990463257,0.7350810766220089,2017
79,Lebanon,,0.965,5.358,0.785,2018
102,Lebanon,,1.0256399999999999,4.8389999999999995,0.83947,2015
140,Lesotho,,0.47200000000000003,3.8080000000000003,0.079,2018
96,Lesotho,,0.37545,4.898,0.07612000000000001,2015
143,Lesotho,,0.489,3.802,0.168,2019
138,Lesotho,0.521021246910095,,3.80800008773804,0.0,2017
148,Liberia,,0.076,3.495,0.267,2018
147,Liberia,0.11904179304838199,,3.5329999923706095,0.229918196797371,2017
115,Liberia,,0.0712,4.571000000000001,0.34201,2015
149,Liberia,,0.10705999999999999,3.622,0.23165,2016
140,Liberia,,0.073,3.975,0.44299999999999995,2019
66,Libya,,1.0668799999999998,5.615,0.52304,2016
71,Libya,,1.044,5.525,0.6729999999999999,2019
67,Libya,1.1018030643463101,,5.525000095367429,0.520169019699097,2017
69,Libya,,0.985,5.566,0.5529999999999999,2018
62,Libya,,1.13145,5.754,0.7038,2015
55,Lithuania,,1.14723,5.832999999999999,0.73128,2015
59,Lithuania,,1.2692,5.813,0.64674,2016
41,Lithuania,,1.238,6.149,0.818,2019
49,Lithuania,,1.197,5.952000000000001,0.716,2018
51,Lithuania,1.3145823478698702,,5.90199995040894,0.62894994020462,2017
19,Luxembourg,,1.6975200000000001,6.871,0.8454200000000001,2016
16,Luxembourg,,1.5639100000000001,6.946000000000001,0.91894,2015
17,Luxembourg,1.74194359779358,,6.86299991607666,0.845089495182037,2017
16,Luxembourg,,1.5759999999999998,6.91,0.8959999999999999,2018
13,Luxembourg,,1.609,7.09,1.012,2019
92,Macedonia,,0.91851,5.007,0.73545,2015
88,Macedonia,,0.9590000000000001,5.185,0.691,2018
91,Macedonia,1.06457793712616,,5.175000190734861,0.644948184490204,2017
94,Macedonia,,1.0193,5.121,0.6473800000000001,2016
146,Madagascar,,0.20824,3.681,0.46721,2015
147,Madagascar,,0.27954,3.695,0.37109000000000003,2016
142,Madagascar,,0.262,3.7739999999999996,0.402,2018
143,Madagascar,0.305808693170547,,3.64400005340576,0.375223308801651,2017
142,Madagascar,,0.27399999999999997,3.9330000000000003,0.555,2019
146,Malawi,,0.18600000000000003,3.5869999999999997,0.306,2018
131,Malawi,,0.08709,4.156000000000001,0.29364,2016
135,Malawi,0.233442038297653,,3.97000002861023,0.315089583396912,2017
130,Malawi,,0.016040000000000002,4.292,0.22562,2015
149,Malawi,,0.191,3.41,0.495,2019
41,Malaysia,1.29121541976929,,6.08400011062622,0.618784427642822,2017
46,Malaysia,,1.25142,6.005,0.62366,2016
60,Malaysia,,1.12486,5.77,0.7239399999999999,2015
79,Malaysia,,1.2209999999999999,5.3389999999999995,0.828,2019
34,Malaysia,,1.161,6.322,0.669,2018
126,Mali,0.476180493831635,,4.19000005722046,0.16936567425727803,2017
137,Mali,,0.26074,3.995,0.20583,2015
127,Mali,,0.385,4.39,0.308,2019
117,Mali,,0.37,4.447,0.152,2018
134,Mali,,0.31292,4.073,0.16347,2016
21,Malta,,1.27,6.627000000000001,0.884,2018
21,Malta,,1.3,6.726,0.9990000000000001,2019
29,Malta,,1.30782,6.4879999999999995,0.80315,2016
26,Malta,1.34327983856201,,6.52699995040894,0.821944236755371,2017
36,Malta,,1.2074,6.3020000000000005,0.88721,2015
123,Mauritania,,0.45407,4.436,0.35874,2015
121,Mauritania,,0.57,4.49,0.489,2019
122,Mauritania,0.6484572887420649,,4.29199981689453,0.285349279642105,2017
129,Mauritania,,0.6139100000000001,4.2010000000000005,0.28639000000000003,2016
125,Mauritania,,0.557,4.356,0.292,2018
65,Mauritius,,1.14372,5.648,0.66189,2016
63,Mauritius,1.1893955469131499,,5.62900018692017,0.6380074620246889,2017
56,Mauritius,,1.12,5.888,0.7979999999999999,2019
70,Mauritius,,1.0076100000000001,5.477,0.7095,2015
54,Mauritius,,1.09,5.891,0.684,2018
13,Mexico,,1.02054,7.187,0.8144399999999999,2015
23,Mexico,,1.038,6.4879999999999995,0.7609999999999999,2018
22,Mexico,,1.07,6.595,0.861,2019
20,Mexico,,1.1150799999999998,6.778,0.71143,2016
24,Mexico,1.1531838178634601,,6.57800006866455,0.709978997707367,2017
66,Moldova,,0.657,5.64,0.62,2018
70,Moldova,,0.685,5.529,0.7390000000000001,2019
51,Moldova,,0.59448,5.888999999999999,0.61826,2015
55,Moldova,0.7288706302642819,,5.837999820709231,0.5894652009010309,2017
54,Moldova,,0.69177,5.897,0.5230899999999999,2016
99,Mongolia,,0.82819,4.874,0.60268,2015
93,Mongolia,,0.914,5.125,0.575,2018
99,Mongolia,1.0272358655929599,,4.95499992370605,0.557783484458923,2017
82,Mongolia,,0.948,5.285,0.667,2019
100,Mongolia,,0.9885299999999999,4.907,0.55469,2016
80,Montenegro,,1.0170000000000001,5.347,0.7290000000000001,2018
72,Montenegro,,1.051,5.523,0.871,2019
82,Montenegro,1.12112903594971,,5.23699998855591,0.6674646735191351,2017
87,Montenegro,,1.07838,5.1610000000000005,0.6353300000000001,2016
82,Montenegro,,0.9743799999999999,5.192,0.72521,2015
84,Morocco,,0.779,5.254,0.669,2018
91,Morocco,,0.7347899999999999,5.013,0.60954,2015
83,Morocco,0.8781145811080929,,5.2350001335144,0.59771066904068,2017
88,Morocco,,0.8009999999999999,5.207999999999999,0.782,2019
89,Morocco,,0.8405799999999999,5.151,0.5947100000000001,2016
112,Mozambique,0.23430564999580397,,4.550000190734861,0.10665443539619399,2017
122,Mozambique,,0.204,4.466,0.39,2019
122,Mozambique,,0.198,4.417,0.17300000000000001,2018
93,Mozambique,,0.08308,4.971,0.09131,2015
118,Myanmar,,0.34112,4.395,0.3988,2016
130,Myanmar,,0.71,4.36,0.555,2019
129,Myanmar,,0.682,4.308,0.429,2018
128,Myanmar,,0.27108000000000004,4.3069999999999995,0.48246000000000006,2015
113,Myanmar,0.36711055040359497,,4.54500007629395,0.397522568702698,2017
112,Namibia,,0.879,4.638999999999999,0.47700000000000004,2019
112,Namibia,,0.9328700000000001,4.574,0.34745,2016
110,Namibia,0.964434325695038,,4.57399988174438,0.33861181139946,2017
118,Namibia,,0.8740000000000001,4.441,0.365,2018
100,Nepal,,0.425,4.88,0.539,2018
120,Nepal,,0.35996999999999996,4.513999999999999,0.5687399999999999,2015
99,Nepal,,0.446,4.913,0.677,2019
106,Nepal,,0.44626000000000005,4.793,0.50073,2016
98,Nepal,0.479820191860199,,4.961999893188481,0.504130780696869,2017
6,Netherlands,,1.46468,7.3389999999999995,0.8123100000000001,2016
4,Netherlands,,1.396,7.4879999999999995,0.9990000000000001,2019
5,Netherlands,1.50394463539124,,7.3769998550415,0.8106961250305179,2017
5,Netherlands,,1.361,7.441,0.878,2018
6,Netherlands,,1.32944,7.377999999999999,0.89284,2015
7,New Zealand,,1.36066,7.334,0.83096,2016
7,New Zealand,,1.3030000000000002,7.307,1.026,2019
7,New Zealand,1.40570604801178,,7.31400012969971,0.816759705543518,2017
8,New Zealand,,1.2501799999999998,7.2860000000000005,0.9083700000000001,2015
7,New Zealand,,1.268,7.324,0.8759999999999999,2018
42,Nicaragua,0.737299203872681,,6.07100009918213,0.6530959606170649,2017
47,Nicaragua,,0.69384,5.992000000000001,0.65213,2016
44,Nicaragua,,0.6940000000000001,6.105,0.835,2019
40,Nicaragua,,0.6679999999999999,6.141,0.7,2018
56,Nicaragua,,0.59325,5.827999999999999,0.7431399999999999,2015
133,Niger,,0.131,4.166,0.221,2018
134,Niger,0.16192533075809498,,4.02799987792969,0.26850500702858,2017
113,Niger,,0.138,4.628,0.366,2019
141,Niger,,0.1327,3.8560000000000003,0.26161999999999996,2016
143,Niger,,0.0694,3.845,0.29707,2015
94,Nigeria,0.783756256103516,,5.07399988174438,0.0569157302379608,2017
102,Nigeria,,0.75216,4.875,0.05108,2016
90,Nigeria,,0.6890000000000001,5.155,0.048,2018
77,Nigeria,,0.65435,5.268,0.16007000000000002,2015
84,Nigeria,,0.696,5.265,0.245,2019
60,North Cyprus,1.3469113111496,,5.80999994277954,0.834647238254547,2017
61,North Cyprus,,1.31141,5.771,0.8414200000000001,2016
65,North Cyprus,,1.2080600000000001,5.695,0.92356,2015
83,North Macedonia,,0.983,5.274,0.838,2019
63,Northern Cyprus,,1.263,5.718,1.042,2019
57,Northern Cyprus,,1.229,5.835,0.909,2018
1,Norway,,1.456,7.593999999999999,0.861,2018
2,Norway,,1.4880000000000002,7.553999999999999,1.028,2019
3,Norway,,1.57744,7.497999999999999,0.79579,2016
0,Norway,1.6164631843566901,,7.537000179290769,0.796666502952576,2017
3,Norway,,1.459,7.522,0.88521,2015
21,Oman,,1.36011,6.853,0.76276,2015
80,Pakistan,,0.59543,5.194,0.51466,2015
74,Pakistan,,0.652,5.472,0.424,2018
91,Pakistan,,0.68816,5.132000000000001,0.40306,2016
66,Pakistan,,0.677,5.653,0.535,2019
79,Pakistan,0.7268835306167599,,5.26900005340576,0.40204778313636796,2017
109,Palestinian Territories,,0.657,4.696000000000001,0.672,2019
107,Palestinian Territories,,0.67024,4.754,0.56844,2016
103,Palestinian Territories,,0.642,4.743,0.602,2018
107,Palestinian Territories,,0.59867,4.715,0.66015,2015
102,Palestinian Territories,0.716249227523804,,4.77500009536743,0.565666973590851,2017
24,Panama,,1.18306,6.7010000000000005,0.70835,2016
30,Panama,,1.149,6.321000000000001,0.91,2019
29,Panama,1.23374843597412,,6.4520001411438,0.706156134605408,2017
26,Panama,,1.112,6.43,0.759,2018
24,Panama,,1.0635299999999999,6.7860000000000005,0.79661,2015
52,Paraguay,,0.75985,5.877999999999999,0.66098,2015
62,Paraguay,,0.855,5.742999999999999,0.777,2019
69,Paraguay,0.932537317276001,,5.493000030517581,0.579250693321228,2017
63,Paraguay,,0.835,5.681,0.615,2018
69,Paraguay,,0.8937299999999999,5.537999999999999,0.58295,2016
57,Peru,,0.9001899999999999,5.824,0.73017,2015
64,Peru,,0.96,5.697,0.8540000000000001,2019
62,Peru,1.0352252721786501,,5.71500015258789,0.6301661133766171,2017
63,Peru,,0.9960200000000001,5.742999999999999,0.6299399999999999,2016
64,Peru,,0.934,5.662999999999999,0.674,2018
68,Philippines,,0.807,5.631,0.657,2019
81,Philippines,,0.81217,5.279,0.47036000000000006,2016
71,Philippines,0.85769921541214,,5.42999982833862,0.46800905466079706,2017
70,Philippines,,0.775,5.524,0.513,2018
89,Philippines,,0.70532,5.073,0.58114,2015
41,Poland,,1.176,6.122999999999999,0.7809999999999999,2018
59,Poland,,1.12555,5.791,0.77903,2015
56,Poland,,1.24585,5.835,0.69058,2016
39,Poland,,1.206,6.182,0.884,2019
45,Poland,1.29178786277771,,5.97300004959106,0.699475347995758,2017
65,Portugal,,1.2209999999999999,5.693,0.9990000000000001,2019
88,Portugal,1.3151752948761002,,5.19500017166138,0.795843541622162,2017
87,Portugal,,1.15991,5.102,0.8751899999999999,2015
93,Portugal,,1.27607,5.122999999999999,0.7936300000000001,2016
76,Portugal,,1.188,5.41,0.884,2018
14,Puerto Rico,,1.35943,7.039,0.77758,2016
27,Qatar,,1.69042,6.611000000000001,0.79733,2015
31,Qatar,,1.649,6.374,0.748,2018
28,Qatar,,1.6840000000000002,6.374,0.871,2019
35,Qatar,,1.82427,6.375,0.71723,2016
34,Qatar,1.8707656860351598,,6.375,0.7100980877876278,2017
56,Romania,1.21768391132355,,5.824999809265139,0.6851583123207089,2017
47,Romania,,1.162,6.07,0.825,2019
70,Romania,,1.1697,5.528,0.67602,2016
51,Romania,,1.1159999999999999,5.945,0.726,2018
85,Romania,,1.04345,5.124,0.7689,2015
48,Russia,1.28177809715271,,5.962999820709231,0.547349333763123,2017
67,Russia,,1.183,5.648,0.726,2019
58,Russia,,1.151,5.81,0.599,2018
63,Russia,,1.13764,5.716,0.6692600000000001,2015
55,Russia,,1.2322799999999998,5.856,0.58991,2016
151,Rwanda,,0.32846,3.515,0.31865,2016
150,Rwanda,,0.332,3.408,0.4,2018
150,Rwanda,0.368745893239975,,3.47099995613098,0.326424807310104,2017
151,Rwanda,,0.359,3.3339999999999996,0.614,2019
153,Rwanda,,0.22208000000000003,3.465,0.42863999999999997,2015
33,Saudi Arabia,,1.48953,6.379,0.59267,2016
27,Saudi Arabia,,1.403,6.375,0.795,2019
34,Saudi Arabia,,1.39541,6.4110000000000005,0.72025,2015
36,Saudi Arabia,1.53062355518341,,6.343999862670901,0.590148329734802,2017
32,Saudi Arabia,,1.379,6.371,0.633,2018
141,Senegal,,0.36498,3.904,0.4354,2015
110,Senegal,,0.45,4.681,0.5710000000000001,2019
108,Senegal,,0.429,4.631,0.433,2018
114,Senegal,0.479309022426605,,4.53499984741211,0.409362852573395,2017
127,Senegal,,0.44314,4.218999999999999,0.40457,2016
72,Serbia,1.06931757926941,,5.39499998092651,0.65078467130661,2017
85,Serbia,,1.03437,5.1770000000000005,0.6458,2016
86,Serbia,,0.92053,5.122999999999999,0.74836,2015
77,Serbia,,0.975,5.398,0.685,2018
69,Serbia,,1.004,5.603,0.8540000000000001,2019
105,Sierra Leone,0.36842092871666,,4.70900011062622,0.005564753897488121,2017
110,Sierra Leone,,0.36485,4.635,0.0,2016
122,Sierra Leone,,0.33024000000000003,4.507,0.0,2015
128,Sierra Leone,,0.268,4.374,0.242,2019
112,Sierra Leone,,0.256,4.571000000000001,0.0,2018
33,Singapore,,1.5290000000000001,6.343,1.008,2018
25,Singapore,1.69227766990662,,6.57200002670288,0.9494923949241642,2017
23,Singapore,,1.52186,6.797999999999999,1.02525,2015
33,Singapore,,1.5719999999999998,6.2620000000000005,1.141,2019
21,Singapore,,1.64555,6.739,0.94719,2016
37,Slovakia,,1.246,6.1979999999999995,0.8809999999999999,2019
44,Slovakia,,1.1689100000000001,5.995,0.7890199999999999,2015
39,Slovakia,1.32539355754852,,6.09800004959106,0.712732911109924,2017
44,Slovakia,,1.27973,6.077999999999999,0.70367,2016
38,Slovakia,,1.21,6.172999999999999,0.7759999999999999,2018
62,Slovenia,,1.2994700000000001,5.768,0.79151,2016
61,Slovenia,1.3412059545516999,,5.75799989700317,0.7908282279968258,2017
54,Slovenia,,1.18498,5.848,0.8733700000000001,2015
43,Slovenia,,1.258,6.117999999999999,0.953,2019
50,Slovenia,,1.219,5.9479999999999995,0.856,2018
111,Somalia,,0.0,4.668,0.268,2019
75,Somalia,,0.0,5.44,0.11465999999999998,2016
97,Somalia,,0.0,4.982,0.115,2018
92,Somalia,0.0226431842893362,,5.151000022888179,0.11398913711309401,2017
96,Somaliland Region,,0.25558000000000003,5.0569999999999995,0.33108000000000004,2016
90,Somaliland region,,0.18847,5.0569999999999995,0.43873,2015
112,South Africa,,0.9204899999999999,4.6419999999999995,0.27688,2015
100,South Africa,1.05469870567322,,4.8289999961853,0.18708007037639604,2017
115,South Africa,,1.02416,4.459,0.18611,2016
105,South Africa,,0.96,4.7219999999999995,0.469,2019
104,South Africa,,0.94,4.724,0.33,2018
56,South Korea,,1.266,5.875,0.955,2018
57,South Korea,,1.35948,5.835,0.88645,2016
46,South Korea,,1.24461,5.984,0.9653799999999999,2015
53,South Korea,,1.301,5.895,1.036,2019
54,South Korea,1.40167844295502,,5.837999820709231,0.900214076042175,2017
155,South Sudan,,0.306,2.853,0.295,2019
146,South Sudan,0.39724862575531,,3.5910000801086404,0.163486003875732,2017
153,South Sudan,,0.337,3.2539999999999996,0.177,2018
142,South Sudan,,0.39394,3.832,0.15780999999999998,2016
29,Spain,,1.286,6.354,1.062,2019
33,Spain,1.38439786434174,,6.40299987792969,0.888960599899292,2017
36,Spain,,1.34253,6.361000000000001,0.8789600000000001,2016
35,Spain,,1.251,6.31,0.965,2018
35,Spain,,1.23011,6.329,0.95562,2015
116,Sri Lanka,,0.9731799999999999,4.415,0.62007,2016
131,Sri Lanka,,0.83524,4.271,0.70806,2015
119,Sri Lanka,1.00985014438629,,4.44000005722046,0.625130832195282,2017
115,Sri Lanka,,0.9179999999999999,4.471,0.672,2018
129,Sri Lanka,,0.9490000000000001,4.3660000000000005,0.831,2019
117,Sudan,,0.52107,4.55,0.36878,2015
129,Sudan,0.6595166921615601,,4.138999938964839,0.290920823812485,2017
136,Sudan,,0.605,4.138999999999999,0.312,2018
132,Sudan,,0.63069,4.138999999999999,0.29759,2016
39,Suriname,,0.99534,6.269,0.6082,2015
39,Suriname,,1.09686,6.269,0.5093300000000001,2016
100,Swaziland,,0.71206,4.867,0.07566,2015
134,Swaziland,,0.8109999999999999,4.212,0.0,2019
8,Sweden,1.49438726902008,,7.28399991989136,0.830875158309937,2017
9,Sweden,,1.45181,7.291,0.83121,2016
7,Sweden,,1.33171,7.364,0.9108700000000001,2015
8,Sweden,,1.355,7.314,0.9129999999999999,2018
6,Sweden,,1.3869999999999998,7.343,1.0090000000000001,2019
3,Switzerland,1.5649795532226598,,7.49399995803833,0.858131289482117,2017
1,Switzerland,,1.5273299999999999,7.5089999999999995,0.86303,2016
4,Switzerland,,1.42,7.487,0.927,2018
0,Switzerland,,1.3965100000000001,7.587000000000001,0.9414299999999999,2015
5,Switzerland,,1.452,7.48,1.052,2019
149,Syria,,0.6890000000000001,3.4619999999999997,0.539,2018
148,Syria,,0.619,3.4619999999999997,0.44,2019
155,Syria,,0.7471899999999999,3.069,0.6299399999999999,2016
155,Syria,,0.6632,3.0060000000000002,0.7219300000000001,2015
151,Syria,0.777153134346008,,3.46199989318848,0.5005333423614501,2017
25,Taiwan,,1.365,6.441,0.857,2018
34,Taiwan,,1.39729,6.379,0.79565,2016
24,Taiwan,,1.368,6.446000000000001,0.914,2019
37,Taiwan,,1.29098,6.297999999999999,0.8753,2015
32,Taiwan Province of China,1.4336265325546298,,6.42199993133545,0.793984234333038,2017
105,Tajikistan,,0.39047,4.7860000000000005,0.5737899999999999,2015
99,Tajikistan,,0.48835,4.996,0.5311899999999999,2016
95,Tajikistan,0.524713635444641,,5.04099988937378,0.5292351245880129,2017
87,Tajikistan,,0.474,5.199,0.598,2018
73,Tajikistan,,0.493,5.4670000000000005,0.718,2019
145,Tanzania,,0.2852,3.781,0.38215,2015
148,Tanzania,,0.47155,3.6660000000000004,0.35700000000000004,2016
152,Tanzania,0.511135876178741,,3.34899997711182,0.364509284496307,2017
152,Tanzania,,0.47600000000000003,3.2310000000000003,0.499,2019
152,Tanzania,,0.455,3.303,0.381,2018
45,Thailand,,1.016,6.072,0.7070000000000001,2018
33,Thailand,,0.9669,6.455,0.7385,2015
32,Thailand,,1.0893,6.474,0.64915,2016
51,Thailand,,1.05,6.007999999999999,0.828,2019
31,Thailand,1.12786877155304,,6.4239997863769505,0.647239029407501,2017
154,Togo,,0.28123000000000004,3.303,0.24811,2016
138,Togo,,0.259,3.9989999999999997,0.253,2018
157,Togo,,0.20868,2.839,0.28443,2015
149,Togo,0.30544471740722695,,3.4949998855590803,0.247105568647385,2017
138,Togo,,0.275,4.085,0.41,2019
38,Trinidad & Tobago,,1.2309999999999999,6.192,0.713,2019
37,Trinidad & Tobago,,1.2229999999999999,6.192,0.564,2018
37,Trinidad and Tobago,1.36135590076447,,6.1680002212524405,0.5199832916259771,2017
40,Trinidad and Tobago,,1.21183,6.167999999999999,0.61483,2015
42,Trinidad and Tobago,,1.32572,6.167999999999999,0.52608,2016
123,Tunisia,,0.9209999999999999,4.461,0.815,2019
110,Tunisia,,0.9,4.592,0.69,2018
106,Tunisia,,0.88113,4.739,0.73793,2015
97,Tunisia,,0.97724,5.045,0.59577,2016
101,Tunisia,1.00726580619812,,4.80499982833862,0.613212049007416,2017
77,Turkey,,1.1649200000000002,5.388999999999999,0.64718,2016
75,Turkey,,1.06098,5.332000000000001,0.73172,2015
73,Turkey,,1.148,5.483,0.6859999999999999,2018
78,Turkey,,1.183,5.372999999999999,0.8079999999999999,2019
68,Turkey,1.1982743740081798,,5.5,0.6376056075096129,2017
69,Turkmenistan,,0.95847,5.547999999999999,0.53886,2015
64,Turkmenistan,,1.08017,5.6579999999999995,0.44006000000000006,2016
58,Turkmenistan,1.1307767629623402,,5.82200002670288,0.437726080417633,2017
67,Turkmenistan,,1.016,5.636,0.517,2018
86,Turkmenistan,,1.052,5.247000000000001,0.657,2019
140,Uganda,,0.21101999999999999,3.931,0.33860999999999997,2015
134,Uganda,,0.322,4.1610000000000005,0.237,2018
132,Uganda,0.381430715322495,,4.08099985122681,0.21763260662555703,2017
135,Uganda,,0.332,4.189,0.44299999999999995,2019
145,Uganda,,0.34719,3.739,0.19625,2016
110,Ukraine,,0.79907,4.681,0.6739,2015
132,Ukraine,,0.82,4.332,0.7390000000000001,2019
137,Ukraine,,0.7929999999999999,4.103,0.609,2018
131,Ukraine,0.89465194940567,,4.09600019454956,0.575903952121735,2017
122,Ukraine,,0.87287,4.324,0.58628,2016
19,United Arab Emirates,,2.096,6.774,0.67,2018
20,United Arab Emirates,1.6263433694839498,,6.6479997634887695,0.726798236370087,2017
27,United Arab Emirates,,1.57352,6.5729999999999995,0.72993,2016
19,United Arab Emirates,,1.42727,6.901,0.80925,2015
20,United Arab Emirates,,1.5030000000000001,6.825,0.825,2019
14,United Kingdom,,1.3330000000000002,7.053999999999999,0.996,2019
22,United Kingdom,,1.40283,6.725,0.80991,2016
18,United Kingdom,1.44163393974304,,6.71400022506714,0.805335938930511,2017
10,United Kingdom,,1.244,7.19,0.888,2018
20,United Kingdom,,1.26637,6.867000000000001,0.90943,2015
14,United States,,1.3945100000000001,7.119,0.86179,2015
12,United States,,1.50796,7.104,0.779,2016
13,United States,1.54625928401947,,6.993000030517581,0.7742866277694699,2017
18,United States,,1.433,6.892,0.8740000000000001,2019
17,United States,,1.3980000000000001,6.886,0.8190000000000001,2018
31,Uruguay,,1.06166,6.485,0.8116,2015
30,Uruguay,,1.093,6.379,0.7709999999999999,2018
27,Uruguay,1.2175596952438401,,6.4539999961853,0.719216823577881,2017
28,Uruguay,,1.18157,6.545,0.72183,2016
32,Uruguay,,1.124,6.292999999999999,0.8909999999999999,2019
43,Uzbekistan,,0.63244,6.002999999999999,0.59772,2015
46,Uzbekistan,0.786441087722778,,5.97100019454956,0.498272627592087,2017
48,Uzbekistan,,0.7359100000000001,5.987,0.50163,2016
43,Uzbekistan,,0.7190000000000001,6.096,0.605,2018
40,Uzbekistan,,0.745,6.1739999999999995,0.7559999999999999,2019
81,Venezuela,1.12843120098114,,5.25,0.617144227027893,2017
22,Venezuela,,1.04424,6.81,0.7205199999999999,2015
43,Venezuela,,1.1336700000000002,6.084,0.6190399999999999,2016
107,Venezuela,,0.96,4.707,0.805,2019
101,Venezuela,,0.996,4.806,0.657,2018
95,Vietnam,,0.74037,5.061,0.66157,2016
93,Vietnam,,0.741,5.175,0.851,2019
94,Vietnam,,0.715,5.103,0.7020000000000001,2018
74,Vietnam,,0.63216,5.36,0.7467600000000001,2015
93,Vietnam,0.7885475754737851,,5.07399988174438,0.6521689891815191,2017
145,Yemen,0.5916834473609921,,3.59299993515015,0.310080915689468,2017
135,Yemen,,0.5464899999999999,4.077,0.40064,2015
151,Yemen,,0.442,3.355,0.34299999999999997,2018
146,Yemen,,0.57939,3.7239999999999998,0.31048000000000003,2016
150,Yemen,,0.287,3.38,0.46299999999999997,2019
124,Zambia,,0.562,4.377,0.295,2018
84,Zambia,,0.47038,5.129,0.29924,2015
105,Zambia,,0.61202,4.795,0.23573000000000002,2016
115,Zambia,0.6364067792892459,,4.513999938964839,0.25783589482307395,2017
137,Zambia,,0.578,4.107,0.426,2019
143,Zimbabwe,,0.35700000000000004,3.6919999999999997,0.248,2018
145,Zimbabwe,,0.366,3.6630000000000003,0.433,2019
114,Zimbabwe,,0.271,4.61,0.33475,2015
130,Zimbabwe,,0.35041,4.1930000000000005,0.1595,2016
137,Zimbabwe,0.37584653496742204,,3.875,0.19676375389099102,2017
